Workbook

Sheet Master Stories
A1: ID | B1: Epic | C1: Priority | D1: Estimate | E1: Owner | F1: Sprint | G1: Status | H1: Story | I1: Acceptance Criteria | J1: Dependencies | K1: Notes
A2: CFM-001 | B2: Project Foundation | C2: P0 | D2: 2 | G2: Backlog | H2: Scaffold standalone VS Code extension package under `codefresh-actions-migrator`. | I2: Package has compile/test scripts, TypeScript config, VS Code extension manifest, and local README.
A3: CFM-002 | B3: Project Foundation | C3: P0 | D3: 2 | G3: Backlog | H3: Configure extension activation, commands, and contributed chat participant metadata. | I3: Extension activates on migration commands and `@cfmigrator`; command palette entries are visible. | J3: CFM-001
A4: CFM-003 | B4: Project Foundation | C4: P1 | D4: 3 | G4: Backlog | H4: Define public migration domain interfaces. | I4: `CodefreshPipeline`, `CodefreshStep`, `MigrationPlan`, `StepMapping`, and `KnowledgePattern` are exported and covered by compile-time checks. | J4: CFM-001
A5: CFM-004 | B5: Project Foundation | C5: P1 | D5: 3 | G5: Backlog | H5: Establish repository hygiene for generated artifacts. | I5: `node_modules`, `out`, `.vscode-test`, and packaged VSIX files are ignored. | J5: CFM-001
A6: CFM-005 | B6: Project Foundation | C6: P2 | D6: 3 | G6: Backlog | H6: Add contribution/development guide for local extension development. | I6: README explains install, compile, test, debug launch, and manual smoke-test workflow. | J6: CFM-001
A7: CFM-006 | B7: Deterministic Converter Core | C7: P0 | D7: 3 | G7: Backlog | H7: Scan workspaces for Codefresh pipeline files. | I7: Scanner finds `codefresh.yml`, `codefresh.yaml`, and `.codefresh/*.yml` while skipping noisy folders. | J7: CFM-003
A8: CFM-007 | B8: Deterministic Converter Core | C8: P0 | D8: 5 | G8: Backlog | H8: Parse Codefresh YAML into a normalized pipeline model. | I8: Parser validates YAML, extracts version, variables, and ordered steps, and reports parse errors clearly. | J8: CFM-003
A9: CFM-008 | B9: Deterministic Converter Core | C9: P0 | D9: 3 | G9: Backlog | H9: Normalize freestyle, build, push, composition, approval, deploy, and unknown steps. | I9: Analyzer consistently extracts type, title, image, commands, env, `when`, and raw fields. | J9: CFM-007
A10: CFM-009 | B10: Deterministic Converter Core | C10: P0 | D10: 5 | G10: Backlog | H10: Map Codefresh git clone and freestyle steps to GitHub Actions. | I10: Clone becomes `actions/checkout@v4`; freestyle becomes `run`; container/image behavior is warned or mapped. | J10: CFM-008
A11: CFM-010 | B11: Deterministic Converter Core | C11: P1 | D11: 5 | G11: Backlog | H11: Map Docker build and push patterns. | I11: Build uses Buildx/build-push-action; push includes registry login, required secrets, and verification warnings. | J11: CFM-008
A12: CFM-011 | B12: Deterministic Converter Core | C12: P1 | D12: 5 | G12: Backlog | H12: Map composition and service patterns. | I12: Representable services become job services; unsupported compose behavior becomes a guarded `docker compose` step with warnings. | J12: CFM-008
A13: CFM-012 | B13: Deterministic Converter Core | C13: P1 | D13: 5 | G13: Backlog | H13: Map approval and deploy patterns safely. | I13: Approval maps to GitHub environment with reviewer warning; deploy commands are preserved or flagged for manual migration. | J13: CFM-008
A14: CFM-013 | B14: Deterministic Converter Core | C14: P1 | D14: 4 | G14: Backlog | H14: Handle unknown/custom steps without hallucinated production workflow code. | I14: Unknown steps become explicit manual-review placeholders and low-confidence mappings. | J14: CFM-008
... A43: CFM-042 | B43: Packaging and Documentation | C43: P2 | D43: 4 | G43: Backlog | H43: Add sample migration walkthrough. | I43: A sample Codefresh YAML and generated GitHub workflow are documented end to end. | J43: CFM-039

Sheet Summary
A1: Codefresh to GitHub Actions Migrator - Backlog Summary
A3: Metric | B3: Formula / Value
A4: Total stories | B4: =COUNTA('Master Stories'!A2:A500)
A5: Total points | B5: =SUM('Master Stories'!D2:D500)
A6: Unassigned stories | B6: =COUNTBLANK('Master Stories'!E2:E500)-COUNTBLANK('Master Stories'!A2:A500)
A7: Blocked stories | B7: =COUNTIF('Master Stories'!G2:G500,"Blocked")
A8: Done stories | B8: =COUNTIF('Master Stories'!G2:G500,"Done")
A10: Epic | B10: Story Count | C10: Points
A11: Project Foundation | B11: =COUNTIF('Master Stories'!B:B,A11) | C11: =SUMIF('Master Stories'!B:B,A11,'Master Stories'!D:D)
A12: Deterministic Converter Core | B12: =COUNTIF('Master Stories'!B:B,A12) | C12: =SUMIF('Master Stories'!B:B,A12,'Master Stories'!D:D)
A13: GitHub Actions Generation | B13: =COUNTIF('Master Stories'!B:B,A13) | C13: =SUMIF('Master Stories'!B:B,A13,'Master Stories'!D:D)
A14: VS Code Extension UX | B14: =COUNTIF('Master Stories'!B:B,A14) | C14: =SUMIF('Master Stories'!B:B,A14,'Master Stories'!D:D)
A15: Copilot and AI Tooling | B15: =COUNTIF('Master Stories'!B:B,A15) | C15: =SUMIF('Master Stories'!B:B,A15,'Master Stories'!D:D)
A16: Knowledge and Learning | B16: =COUNTIF('Master Stories'!B:B,A16) | C16: =SUMIF('Master Stories'!B:B,A16,'Master Stories'!D:D)
A17: Testing and Quality | B17: =COUNTIF('Master Stories'!B:B,A17) | C17: =SUMIF('Master Stories'!B:B,A17,'Master Stories'!D:D)
A18: Packaging and Documentation | B18: =COUNTIF('Master Stories'!B:B,A18) | C18: =SUMIF('Master Stories'!B:B,A18,'Master Stories'!D:D)
A20: Priority | B20: Story Count | C20: Points
A21: P0 | B21: =COUNTIF('Master Stories'!C:C,A21) | C21: =SUMIF('Master Stories'!C:C,A21,'Master Stories'!D:D)
A22: P1 | B22: =COUNTIF('Master Stories'!C:C,A22) | C22: =SUMIF('Master Stories'!C:C,A22,'Master Stories'!D:D)
A23: P2 | B23: =COUNTIF('Master Stories'!C:C,A23) | C23: =SUMIF('Master Stories'!C:C,A23,'Master Stories'!D:D)
A24: P3 | B24: =COUNTIF('Master Stories'!C:C,A24) | C24: =SUMIF('Master Stories'!C:C,A24,'Master Stories'!D:D)
A26: Status | B26: Story Count | C26: Points
A27: Backlog | B27: =COUNTIF('Master Stories'!G:G,A27) | C27: =SUMIF('Master Stories'!G:G,A27,'Master Stories'!D:D)
A28: Ready | B28: =COUNTIF('Master Stories'!G:G,A28) | C28: =SUMIF('Master Stories'!G:G,A28,'Master Stories'!D:D)
A29: In Progress | B29: =COUNTIF('Master Stories'!G:G,A29) | C29: =SUMIF('Master Stories'!G:G,A29,'Master Stories'!D:D)
A30: Blocked | B30: =COUNTIF('Master Stories'!G:G,A30) | C30: =SUMIF('Master Stories'!G:G,A30,'Master Stories'!D:D)
A31: Review | B31: =COUNTIF('Master Stories'!G:G,A31) | C31: =SUMIF('Master Stories'!G:G,A31,'Master Stories'!D:D)
A32: Done | B32: =COUNTIF('Master Stories'!G:G,A32) | C32: =SUMIF('Master Stories'!G:G,A32,'Master Stories'!D:D)

Sheet Field Guide
A1: Field | B1: Usage
A2: ID | B2: Stable story identifier for assignment and dependency tracking.
A3: Epic | B3: Functional workstream. Filter by this to distribute across teams.
A4: Priority | B4: P0 release blocker, P1 MVP, P2 important follow-up, P3 polish.
A5: Estimate | B5: Relative story points, not hours.
A6: Owner | B6: Person or team accountable for delivery.
A7: Sprint | B7: Target sprint or milestone.
A8: Status | B8: Use the dropdown: Backlog, Ready, In Progress, Blocked, Review, Done.
A9: Dependencies | B9: Comma-separated story IDs that should land first.
A10: Notes | B10: Assignment notes, links, or implementation comments.
